Name,State,District,Party,Score,Lifetime Score,Postal Service Reform Act (H.R. 3076),Honoring Our Promise to Address Comprehensive Toxics (PACT) Act of 2021 (H.R. 3967),FAIR Act (H.R. 963 (Amendment #1)),Rights for the Transportation Security Administration Workforce Act (H.R. 903),National Defense Authorization Act for Fiscal Year 2023 (Amendment #3) (H.R. 7900),National Defense Authorization Act for Fiscal Year 2023 (Amendment #454) (H.R. 7900),CHIPS and Science Act  (H.R. 4346),Inflation Reduction Act (H.R. 5376),Presidential Election Reform Act (H.R. 8873),Rail Workers Sick Leave (H.Con.Res 119),Veteran Service Recognition Act (H.R. 7946),VA Employee Fairness Act (H.R. 1948),Omnibus Act of 2023 (H.R. 2617)
Rep. Mary Peltola,AK,0,Democrat,100%,100%,,,,,,,,,?,?,?,?,?
Rep. Don Young,AK,0,Republican,100%,45%,?,?,?,,,,,,,,,,
Rep. Jerry Carl,AL,1,Republican,0%,0%,?,?,?,?,?,?,?,?,?,?,?,?,?
Rep. Barry Moore,AL,2,Republican,0%,0%,?,?,?,?,?,?,?,?,?,?,?,?,?
Rep. Mike D. Rogers,AL,3,Republican,8%,14%,?,?,?,?,?,?,?,?,?,?,?,?,?
Rep. Robert B. Aderholt,AL,4,Republican,8%,14%,?,?,?,?,?,?,?,?,?,?,?,?,?
Rep. Mo Brooks,AL,5,Republican,0%,9%,?,?,?,?,?,?,?,?,?,?,?,?,?
Rep. Gary Palmer,AL,6,Republican,0%,7%,?,?,?,?,?,?,?,?,?,?,?,?,?
Rep. Terri Sewell,AL,7,Democrat,100%,94%,?,?,?,?,?,?,?,?,?,?,?,?,?
Rep. Rick Crawford,AR,1,Republican,0%,13%,?,?,?,?,?,?,?,?,?,?,?,?,?
Rep. French Hill,AR,2,Republican,8%,14%,?,?,?,?,?,?,?,?,?,?,?,?,?
Rep. Steve Womack,AR,3,Republican,15%,14%,?,?,?,?,?,?,?,?,?,?,?,?,?
Rep. Bruce Westerman,AR,4,Republican,8%,12%,?,?,?,?,?,?,?,?,?,?,?,?,?
Rep. Tom O'Halleran,AZ,1,Democrat,100%,90%,?,?,?,?,?,?,?,?,?,?,?,?,?
Rep. Ann Kirkpatrick,AZ,2,Democrat,100%,94%,?,?,?,?,?,?,?,?,?,?,?,?,?
Rep. Raúl M. Grijalva,AZ,3,Democrat,100%,99%,?,?,?,?,?,?,?,?,?,?,?,?,?
Rep. Paul Gosar,AZ,4,Republican,0%,7%,?,?,?,?,?,?,?,?,?,?,?,?,?
Rep. Andy Biggs,AZ,5,Republican,0%,13%,?,?,?,?,?,?,?,?,?,?,?,?,?
Rep. David Schweikert,AZ,6,Republican,0%,7%,?,?,?,?,?,?,?,?,?,?,?,?,?
Rep. Ruben Gallego,AZ,7,Democrat,100%,98%,?,?,?,?,?,?,?,?,?,?,?,?,?
Rep. Debbie Lesko,AZ,8,Republican,0%,15%,?,?,?,?,?,?,?,?,?,?,?,?,?
Rep. Greg Stanton,AZ,9,Democrat,100%,100%,?,?,?,?,?,?,?,?,?,?,?,?,?
Rep. Doug LaMalfa,CA,1,Republican,8%,14%,?,?,?,?,?,?,?,?,?,?,?,?,?
Rep. Jared Huffman,CA,2,Democrat,100%,96%,?,?,?,?,?,?,?,?,?,?,?,?,?
Rep. John Garamendi,CA,3,Democrat,100%,98%,?,?,?,?,?,?,?,?,?,?,?,?,?
Rep. Tom McClintock,CA,4,Republican,0%,7%,?,?,?,?,?,?,?,?,?,?,?,?,?
Rep. Mike Thompson,CA,5,Democrat,100%,96%,?,?,?,?,?,?,?,?,?,?,?,?,?
Rep. Doris Matsui,CA,6,Democrat,100%,97%,?,?,?,?,?,?,?,?,?,?,?,?,?
Rep. Ami Bera,CA,7,Democrat,100%,91%,?,?,?,?,?,?,?,?,?,?,?,?,?
Rep. Jay Obernolte,CA,8,Republican,15%,9%,?,?,?,?,?,?,?,?,?,?,?,?,?
Rep. Jerry McNerney,CA,9,Democrat,100%,97%,?,?,?,?,?,?,?,?,?,?,?,?,?
Rep. Josh Harder,CA,10,Democrat,100%,99%,?,?,?,?,?,?,?,?,?,?,?,?,?
Rep. Mark DeSaulnier,CA,11,Democrat,100%,98%,?,?,?,?,?,?,?,?,?,?,?,?,?
Rep. Nancy Pelosi,CA,12,Democrat,100%,97%,?,?,?,?,?,?,?,?,?,?,?,?,?
Rep. Barbara Lee,CA,13,Democrat,100%,99%,?,?,?,?,?,?,?,?,?,?,?,?,?
Rep. Jackie Speier,CA,14,Democrat,100%,96%,?,?,?,?,?,?,?,?,?,?,?,?,?
Rep. Eric Swalwell,CA,15,Democrat,100%,98%,?,?,?,?,?,?,?,?,?,?,?,?,?
Rep. Jim Costa,CA,16,Democrat,100%,85%,?,?,?,?,?,?,?,?,?,?,?,?,?
Rep. Ro Khanna,CA,17,Democrat,100%,97%,?,?,?,?,?,?,?,?,?,?,?,?,?
Rep. Anna G. Eshoo,CA,18,Democrat,100%,97%,?,?,?,?,?,?,?,?,?,?,?,?,?
Rep. Zoe Lofgren,CA,19,Democrat,100%,97%,?,?,?,?,?,?,?,?,?,?,?,?,?
Rep. Jimmy Panetta,CA,20,Democrat,100%,95%,?,?,?,?,?,?,?,?,?,?,?,?,?
Rep. David Valadao,CA,21,Republican,23%,29%,?,?,?,?,?,?,?,?,?,?,?,?,?
Rep. Connie Conway,CA,22,Republican,0%,0%,,,,,?,?,?,?,?,?,?,?,?
Rep. Kevin McCarthy,CA,23,Republican,8%,12%,?,?,?,?,?,?,?,?,?,?,?,?,?
Rep. Salud Carbajal,CA,24,Democrat,100%,95%,?,?,?,?,?,?,?,?,?,?,?,?,?
Rep. Mike Garcia,CA,25,Republican,23%,17%,?,?,?,?,?,?,?,?,?,?,?,?,?
Rep. Julia Brownley,CA,26,Democrat,100%,96%,?,?,?,?,?,?,?,?,?,?,?,?,?
Rep. Judy Chu,CA,27,Democrat,100%,98%,?,?,?,?,?,?,?,?,?,?,?,?,?
Rep. Adam B. Schiff,CA,28,Democrat,100%,97%,?,?,?,?,?,?,?,?,?,?,?,?,?
Rep. Tony Cárdenas,CA,29,Democrat,100%,95%,?,?,?,?,?,?,?,?,?,?,?,?,?
Rep. Brad Sherman,CA,30,Democrat,100%,98%,?,?,?,?,?,?,?,?,?,?,?,?,?
Rep. Pete Aguilar,CA,31,Democrat,100%,94%,?,?,?,?,?,?,?,?,?,?,?,?,?
Rep. Grace F. Napolitano,CA,32,Democrat,100%,100%,?,?,?,?,?,?,?,?,?,?,?,?,?
Rep. Ted Lieu,CA,33,Democrat,100%,97%,?,?,?,?,?,?,?,?,?,?,?,?,?
Rep. Jimmy Gomez,CA,34,Democrat,100%,99%,?,?,?,?,?,?,?,?,?,?,?,?,?
Rep. Norma Torres,CA,35,Democrat,100%,98%,?,?,?,?,?,?,?,?,?,?,?,?,?
Rep. Raul Ruiz,CA,36,Democrat,100%,95%,?,?,?,?,?,?,?,?,?,?,?,?,?
Rep. Karen Bass,CA,37,Democrat,100%,99%,?,?,?,?,?,?,?,?,?,?,?,,
Rep. Linda T. Sánchez,CA,38,Democrat,100%,99%,?,?,?,?,?,?,?,?,?,?,?,?,?
Rep. Young Kim,CA,39,Republican,15%,18%,?,?,?,?,?,?,?,?,?,?,?,?,?
Rep. Lucille Roybal-Allard,CA,40,Democrat,100%,98%,?,?,?,?,?,?,?,?,?,?,?,?,?
Rep. Mark Takano,CA,41,Democrat,100%,98%,?,?,?,?,?,?,?,?,?,?,?,?,?
Rep. Ken Calvert,CA,42,Republican,8%,15%,?,?,?,?,?,?,?,?,?,?,?,?,?
Rep. Maxine Waters,CA,43,Democrat,100%,99%,?,?,?,?,?,?,?,?,?,?,?,?,?
Rep. Nanette Barragán,CA,44,Democrat,100%,98%,?,?,?,?,?,?,?,?,?,?,?,?,?
Rep. Katie Porter,CA,45,Democrat,100%,100%,?,?,?,?,?,?,?,?,?,?,?,?,?
Rep. J. Luis Correa,CA,46,Democrat,100%,91%,?,?,?,?,?,?,?,?,?,?,?,?,?
Rep. Alan Lowenthal,CA,47,Democrat,100%,98%,?,?,?,?,?,?,?,?,?,?,?,?,?
Rep. Michelle Steel,CA,48,Republican,0%,3%,?,?,?,?,?,?,?,?,?,?,?,?,?
Rep. Mike Levin,CA,49,Democrat,100%,100%,?,?,?,?,?,?,?,?,?,?,?,?,?
Rep. Darrell Issa,CA,50,Republican,0%,10%,?,?,?,?,?,?,?,?,?,?,?,?,?
Rep. Juan Vargas,CA,51,Democrat,100%,99%,?,?,?,?,?,?,?,?,?,?,?,?,?
Rep. Scott Peters,CA,52,Democrat,100%,89%,?,?,?,?,?,?,?,?,?,?,?,?,?
Rep. Sara Jacobs,CA,53,Democrat,100%,100%,?,?,?,?,?,?,?,?,?,?,?,?,?
Rep. Diana DeGette,CO,1,Democrat,100%,97%,?,?,?,?,?,?,?,?,?,?,?,?,?
Rep. Joe Neguse,CO,2,Democrat,100%,99%,?,?,?,?,?,?,?,?,?,?,?,?,?
Rep. Lauren Boebert,CO,3,Republican,0%,0%,?,?,?,?,?,?,?,?,?,?,?,?,?
Rep. Ken Buck,CO,4,Republican,0%,7%,?,?,?,?,?,?,?,?,?,?,?,?,?
Rep. Doug Lamborn,CO,5,Republican,0%,6%,?,?,?,?,?,?,?,?,?,?,?,?,?
Rep. Jason Crow,CO,6,Democrat,100%,100%,?,?,?,?,?,?,?,?,?,?,?,?,?
Rep. Ed Perlmutter,CO,7,Democrat,100%,96%,?,?,?,?,?,?,?,?,?,?,?,?,?
Rep. John B. Larson,CT,1,Democrat,100%,98%,?,?,?,?,?,?,?,?,?,?,?,?,?
Rep. Joe Courtney,CT,2,Democrat,100%,99%,?,?,?,?,?,?,?,?,?,?,?,?,?
Rep. Rosa DeLauro,CT,3,Democrat,100%,99%,?,?,?,?,?,?,?,?,?,?,?,?,?
Rep. Jim Himes,CT,4,Democrat,100%,93%,?,?,?,?,?,?,?,?,?,?,?,?,?
Rep. Jahana Hayes,CT,5,Democrat,100%,100%,?,?,?,?,?,?,?,?,?,?,?,?,?
Rep. Lisa Blunt Rochester,DE,0,Democrat,100%,98%,?,?,?,?,?,?,?,?,?,?,?,?,?
Rep. Matt Gaetz,FL,1,Republican,8%,14%,?,?,?,?,?,?,?,?,?,?,?,?,?
Rep. Neal Dunn,FL,2,Republican,8%,15%,?,?,?,?,?,?,?,?,?,?,?,?,?
Rep. Kat Cammack,FL,3,Republican,0%,0%,?,?,?,?,?,?,?,?,?,?,?,?,?
Rep. John Rutherford,FL,4,Republican,9%,20%,?,?,?,?,?,?,?,?,?,?,?,?,?
Rep. Al Lawson,FL,5,Democrat,100%,97%,?,?,?,?,?,?,?,?,?,?,?,?,?
Rep. Michael Waltz,FL,6,Republican,8%,18%,?,?,?,?,?,?,?,?,?,?,?,?,?
Rep. Stephanie Murphy,FL,7,Democrat,92%,87%,?,?,?,?,?,?,?,?,?,?,?,?,?
Rep. Bill Posey,FL,8,Republican,8%,12%,?,?,?,?,?,?,?,?,?,?,?,?,?
Rep. Darren Soto,FL,9,Democrat,100%,99%,?,?,?,?,?,?,?,?,?,?,?,?,?
Rep. Val Demings,FL,10,Democrat,100%,98%,?,?,?,?,?,?,?,?,?,?,?,?,?
Rep. Daniel Webster,FL,11,Republican,8%,12%,?,?,?,?,?,?,?,?,?,?,?,?,?
Rep. Gus Bilirakis,FL,12,Republican,15%,12%,?,?,?,?,?,?,?,?,?,?,?,?,?
Rep. Charlie Crist,FL,13,Democrat,100%,96%,?,?,?,?,?,?,?,?,,,,,
Rep. Kathy Castor,FL,14,Democrat,100%,97%,?,?,?,?,?,?,?,?,?,?,?,?,?
Rep. Scott Franklin,FL,15,Republican,0%,0%,?,?,?,?,?,?,?,?,?,?,?,?,?
Rep. Vern Buchanan,FL,16,Republican,0%,15%,?,?,?,?,?,?,?,?,?,?,?,?,?
Rep. Greg Steube,FL,17,Republican,0%,8%,?,?,?,?,?,?,?,?,?,?,?,?,?
Rep. Brian Mast,FL,18,Republican,15%,23%,?,?,?,?,?,?,?,?,?,?,?,?,?
Rep. Byron Donalds,FL,19,Republican,0%,0%,?,?,?,?,?,?,?,?,?,?,?,?,?
Rep. Sheila Cherfilus-McCormick,FL,20,Democrat,100%,100%,?,?,?,?,?,?,?,?,?,?,?,?,?
Rep. Lois Frankel,FL,21,Democrat,100%,99%,?,?,?,?,?,?,?,?,?,?,?,?,?
Rep. Ted Deutch,FL,22,Democrat,100%,97%,?,?,?,?,?,?,?,?,?,,,,
Rep. Debbie Wasserman Schultz,FL,23,Democrat,100%,97%,?,?,?,?,?,?,?,?,?,?,?,?,?
Rep. Frederica Wilson,FL,24,Democrat,100%,99%,?,?,?,?,?,?,?,?,?,?,?,?,?
Rep. Mario Diaz-Balart,FL,25,Republican,15%,38%,?,?,?,?,?,?,?,?,?,?,?,?,?
Rep. Carlos Giménez,FL,26,Republican,8%,21%,?,?,?,?,?,?,?,?,?,?,?,?,?
Rep. Maria Elvira Salazar,FL,27,Republican,31%,27%,?,?,?,?,?,?,?,?,?,?,?,?,?
Rep. Buddy Carter,GA,1,Republican,0%,11%,?,?,?,?,?,?,?,?,?,?,?,?,?
Rep. Sanford D. Bishop Jr.,GA,2,Democrat,100%,94%,?,?,?,?,?,?,?,?,?,?,?,?,?
Rep. A. Drew Ferguson,GA,3,Republican,0%,13%,?,?,?,?,?,?,?,?,?,?,?,?,?
Rep. Hank Johnson,GA,4,Democrat,100%,98%,?,?,?,?,?,?,?,?,?,?,?,?,?
Rep. Nikema Williams,GA,5,Democrat,100%,100%,?,?,?,?,?,?,?,?,?,?,?,?,?
Rep. Lucy McBath,GA,6,Democrat,100%,99%,?,?,?,?,?,?,?,?,?,?,?,?,?
Rep. Carolyn Bourdeaux,GA,7,Democrat,100%,100%,?,?,?,?,?,?,?,?,?,?,?,?,?
Rep. Austin Scott,GA,8,Republican,0%,13%,?,?,?,?,?,?,?,?,?,?,?,?,?
Rep. Andrew Clyde,GA,9,Republican,8%,3%,?,?,?,?,?,?,?,?,?,?,?,?,?
Rep. Jody Hice,GA,10,Republican,0%,6%,?,?,?,?,?,?,?,?,?,?,?,?,?
Rep. Barry Loudermilk,GA,11,Republican,0%,9%,?,?,?,?,?,?,?,?,?,?,?,?,?
Rep. Rick Allen,GA,12,Republican,0%,9%,?,?,?,?,?,?,?,?,?,?,?,?,?
Rep. David Scott,GA,13,Democrat,100%,97%,?,?,?,?,?,?,?,?,?,?,?,?,?
Rep. Marjorie Taylor Greene,GA,14,Republican,0%,0%,?,?,?,?,?,?,?,?,?,?,?,?,?
Rep. Ed Case,HI,1,Democrat,100%,99%,?,?,?,?,?,?,?,?,?,?,?,?,?
Rep. Kaiali?i Kahele,HI,2,Democrat,100%,100%,?,?,?,?,?,?,?,?,?,?,?,?,?
Rep. Ashley Hinson,IA,1,Republican,8%,9%,?,?,?,?,?,?,?,?,?,?,?,?,?
Rep. Mariannette Miller-Meeks,IA,2,Republican,8%,9%,?,?,?,?,?,?,?,?,?,?,?,?,?
Rep. Cynthia Axne,IA,3,Democrat,100%,99%,?,?,?,?,?,?,?,?,?,?,?,?,?
Rep. Randy Feenstra,IA,4,Republican,8%,6%,?,?,?,?,?,?,?,?,?,?,?,?,?
Rep. Russ Fulcher,ID,1,Republican,0%,8%,?,?,?,?,?,?,?,?,?,?,?,?,?
Rep. Mike Simpson,ID,2,Republican,8%,21%,?,?,?,?,?,?,?,?,?,?,?,?,?
Rep. Bobby L. Rush,IL,1,Democrat,100%,97%,?,?,?,?,?,?,?,?,?,?,?,?,?
Rep. Robin Kelly,IL,2,Democrat,100%,99%,?,?,?,?,?,?,?,?,?,?,?,?,?
Rep. Marie Newman,IL,3,Democrat,100%,100%,?,?,?,?,?,?,?,?,?,?,?,?,?
Rep. Jesús García,IL,4,Democrat,100%,96%,?,?,?,?,?,?,?,?,?,?,?,?,?
Rep. Mike Quigley,IL,5,Democrat,100%,95%,?,?,?,?,?,?,?,?,?,?,?,?,?
Rep. Sean Casten,IL,6,Democrat,100%,100%,?,?,?,?,?,?,?,?,?,?,?,?,?
Rep. Danny K. Davis,IL,7,Democrat,100%,98%,?,?,?,?,?,?,?,?,?,?,?,?,?
Rep. Raja Krishnamoorthi,IL,8,Democrat,100%,98%,?,?,?,?,?,?,?,?,?,?,?,?,?
Rep. Jan Schakowsky,IL,9,Democrat,100%,99%,?,?,?,?,?,?,?,?,?,?,?,?,?
Rep. Brad Schneider,IL,10,Democrat,100%,94%,?,?,?,?,?,?,?,?,?,?,?,?,?
Rep. Bill Foster,IL,11,Democrat,100%,95%,?,?,?,?,?,?,?,?,?,?,?,?,?
Rep. Mike Bost,IL,12,Republican,25%,37%,?,?,?,?,?,?,?,?,?,?,?,?,?
Rep. Rodney Davis,IL,13,Republican,31%,38%,?,?,?,?,?,?,?,?,?,?,?,?,?
Rep. Lauren Underwood,IL,14,Democrat,100%,100%,?,?,?,?,?,?,?,?,?,?,?,?,?
Rep. Mary Miller,IL,15,Republican,0%,0%,?,?,?,?,?,?,?,?,?,?,?,?,?
Rep. Adam Kinzinger,IL,16,Republican,60%,36%,?,?,?,?,?,?,?,?,?,?,?,?,?
Rep. Cheri Bustos,IL,17,Democrat,100%,96%,?,?,?,?,?,?,?,?,?,?,?,?,?
Rep. Darin M. LaHood,IL,18,Republican,0%,18%,?,?,?,?,?,?,?,?,?,?,?,?,?
Rep. Frank Mrvan,IN,1,Democrat,100%,100%,?,?,?,?,?,?,?,?,?,?,?,?,?
Rep. Jackie Walorski,IN,2,Republican,14%,14%,?,?,?,?,?,?,?,,,,,,
Rep. Rudy Yakym,IN,2,Republican,0%,0%,,,,,,,,,,?,?,?,?
Rep. Jim Banks,IN,3,Republican,0%,9%,?,?,?,?,?,?,?,?,?,?,?,?,?
Rep. James Baird,IN,4,Republican,8%,15%,?,?,?,?,?,?,?,?,?,?,?,?,?
Rep. Victoria Spartz,IN,5,Republican,8%,6%,?,?,?,?,?,?,?,?,?,?,?,?,?
Rep. Greg Pence,IN,6,Republican,8%,17%,?,?,?,?,?,?,?,?,?,?,?,?,?
Rep. André Carson,IN,7,Democrat,100%,98%,?,?,?,?,?,?,?,?,?,?,?,?,?
Rep. Larry Bucshon,IN,8,Republican,8%,19%,?,?,?,?,?,?,?,?,?,?,?,?,?
Rep. Trey Hollingsworth,IN,9,Republican,8%,14%,?,?,?,?,?,?,?,?,?,?,?,?,?
Rep. Tracey Mann,KS,1,Republican,0%,0%,?,?,?,?,?,?,?,?,?,?,?,?,?
Rep. Jake LaTurner,KS,2,Republican,8%,3%,?,?,?,?,?,?,?,?,?,?,?,?,?
Rep. Sharice Davids,KS,3,Democrat,100%,99%,?,?,?,?,?,?,?,?,?,?,?,?,?
Rep. Ron Estes,KS,4,Republican,0%,12%,?,?,?,?,?,?,?,?,?,?,?,?,?
Rep. James Comer,KY,1,Republican,8%,12%,?,?,?,?,?,?,?,?,?,?,?,?,?
Rep. Brett Guthrie,KY,2,Republican,8%,12%,?,?,?,?,?,?,?,?,?,?,?,?,?
Rep. John Yarmuth,KY,3,Democrat,100%,99%,?,?,?,?,?,?,?,?,?,?,?,?,?
Rep. Thomas Massie,KY,4,Republican,8%,15%,?,?,?,?,?,?,?,?,?,?,?,?,?
Rep. Harold Rogers,KY,5,Republican,8%,15%,?,?,?,?,?,?,?,?,?,?,?,?,?
Rep. Andy Barr,KY,6,Republican,8%,10%,?,?,?,?,?,?,?,?,?,?,?,?,?
Rep. Steve Scalise,LA,1,Republican,8%,9%,?,?,?,?,?,?,?,?,?,?,?,?,?
Rep. Troy Carter,LA,2,Democrat,100%,100%,?,?,?,?,?,?,?,?,?,?,?,?,?
Rep. Clay Higgins,LA,3,Republican,0%,9%,?,?,?,?,?,?,?,?,?,?,?,?,?
Rep. Mike Johnson,LA,4,Republican,0%,10%,?,?,?,?,?,?,?,?,?,?,?,?,?
Rep. Julia Letlow,LA,5,Republican,8%,4%,?,?,?,?,?,?,?,?,?,?,?,?,?
Rep. Garret Graves,LA,6,Republican,8%,15%,?,?,?,?,?,?,?,?,?,?,?,?,?
Rep. Richard E. Neal,MA,1,Democrat,100%,98%,?,?,?,?,?,?,?,?,?,?,?,?,?
Rep. Jim McGovern,MA,2,Democrat,100%,98%,?,?,?,?,?,?,?,?,?,?,?,?,?
Rep. Lori Trahan,MA,3,Democrat,100%,99%,?,?,?,?,?,?,?,?,?,?,?,?,?
Rep. Jake Auchincloss,MA,4,Democrat,100%,100%,?,?,?,?,?,?,?,?,?,?,?,?,?
Rep. Katherine Clark,MA,5,Democrat,100%,99%,?,?,?,?,?,?,?,?,?,?,?,?,?
Rep. Seth Moulton,MA,6,Democrat,100%,97%,?,?,?,?,?,?,?,?,?,?,?,?,?
Rep. Ayanna Pressley,MA,7,Democrat,100%,91%,?,?,?,?,?,?,?,?,?,?,?,?,?
Rep. Stephen F. Lynch,MA,8,Democrat,100%,99%,?,?,?,?,?,?,?,?,?,?,?,?,?
Rep. Bill Keating,MA,9,Democrat,100%,97%,?,?,?,?,?,?,?,?,?,?,?,?,?
Rep. Andy Harris,MD,1,Republican,0%,7%,?,?,?,?,?,?,?,?,?,?,?,?,?
Rep. C.A. Dutch Ruppersberger,MD,2,Democrat,100%,97%,?,?,?,?,?,?,?,?,?,?,?,?,?
Rep. John Sarbanes,MD,3,Democrat,100%,99%,?,?,?,?,?,?,?,?,?,?,?,?,?
Rep. Anthony Brown,MD,4,Democrat,100%,97%,?,?,?,?,?,?,?,?,?,?,?,?,?
Rep. Steny H. Hoyer,MD,5,Democrat,100%,97%,?,?,?,?,?,?,?,?,?,?,?,?,?
Rep. David Trone,MD,6,Democrat,100%,100%,?,?,?,?,?,?,?,?,?,?,?,?,?
Rep. Kweisi Mfume,MD,7,Democrat,100%,100%,?,?,?,?,?,?,?,?,?,?,?,?,?
Rep. Jamie Raskin,MD,8,Democrat,100%,98%,?,?,?,?,?,?,?,?,?,?,?,?,?
Rep. Chellie Pingree,ME,1,Democrat,100%,99%,?,?,?,?,?,?,?,?,?,?,?,?,?
Rep. Jared Golden,ME,2,Democrat,100%,92%,?,?,?,?,?,?,?,?,?,?,?,?,?
Rep. Jack Bergman,MI,1,Republican,23%,18%,?,?,?,?,?,?,?,?,?,?,?,?,?
Rep. Bill Huizenga,MI,2,Republican,0%,9%,?,?,?,?,?,?,?,?,?,?,?,?,?
Rep. Peter Meijer,MI,3,Republican,31%,21%,?,?,?,?,?,?,?,?,?,?,?,?,?
Rep. John Moolenaar,MI,4,Republican,0%,17%,?,?,?,?,?,?,?,?,?,?,?,?,?
Rep. Dan Kildee,MI,5,Democrat,100%,98%,?,?,?,?,?,?,?,?,?,?,?,?,?
Rep. Fred Upton,MI,6,Republican,54%,33%,?,?,?,?,?,?,?,?,?,?,?,?,?
Rep. Tim Walberg,MI,7,Republican,8%,13%,?,?,?,?,?,?,?,?,?,?,?,?,?
Rep. Elissa Slotkin,MI,8,Democrat,100%,100%,?,?,?,?,?,?,?,?,?,?,?,?,?
Rep. Andy Levin,MI,9,Democrat,100%,97%,?,?,?,?,?,?,?,?,?,?,?,?,?
Rep. Lisa McClain,MI,10,Republican,15%,6%,?,?,?,?,?,?,?,?,?,?,?,?,?
Rep. Haley Stevens,MI,11,Democrat,100%,100%,?,?,?,?,?,?,?,?,?,?,?,?,?
Rep. Debbie Dingell,MI,12,Democrat,100%,99%,?,?,?,?,?,?,?,?,?,?,?,?,?
Rep. Rashida Tlaib,MI,13,Democrat,100%,92%,?,?,?,?,?,?,?,?,?,?,?,?,?
Rep. Brenda Lawrence,MI,14,Democrat,100%,98%,?,?,?,?,?,?,?,?,?,?,?,?,?
Rep. Brad Finstad,MN,1,Republican,0%,0%,,,,,,,,?,?,?,?,?,?
Rep. Jim Hagedorn,MN,1,Republican,100%,23%,?,,,,,,,,,,,,
Rep. Angie Craig,MN,2,Democrat,100%,100%,?,?,?,?,?,?,?,?,?,?,?,?,?
Rep. Dean Phillips,MN,3,Democrat,100%,100%,?,?,?,?,?,?,?,?,?,?,?,?,?
Rep. Betty McCollum,MN,4,Democrat,100%,97%,?,?,?,?,?,?,?,?,?,?,?,?,?
Rep. Ilhan Omar,MN,5,Democrat,100%,90%,?,?,?,?,?,?,?,?,?,?,?,?,?
Rep. Tom Emmer,MN,6,Republican,15%,21%,?,?,?,?,?,?,?,?,?,?,?,?,?
Rep. Michelle Fischbach,MN,7,Republican,8%,6%,?,?,?,?,?,?,?,?,?,?,?,?,?
Rep. Pete Stauber,MN,8,Republican,15%,37%,?,?,?,?,?,?,?,?,?,?,?,?,?
Rep. Cori Bush,MO,1,Democrat,100%,97%,?,?,?,?,?,?,?,?,?,?,?,?,?
Rep. Ann Wagner,MO,2,Republican,8%,15%,?,?,?,?,?,?,?,?,?,?,?,?,?
Rep. Blaine Luetkemeyer,MO,3,Republican,8%,11%,?,?,?,?,?,?,?,?,?,?,?,?,?
Rep. Vicky Hartzler,MO,4,Republican,8%,14%,?,?,?,?,?,?,?,?,?,?,?,?,?
Rep. Emanuel Cleaver II,MO,5,Democrat,100%,98%,?,?,?,?,?,?,?,?,?,?,?,?,?
Rep. Sam Graves,MO,6,Republican,8%,18%,?,?,?,?,?,?,?,?,?,?,?,?,?
Rep. Billy Long,MO,7,Republican,0%,11%,?,?,?,?,?,?,?,?,?,?,?,?,?
Rep. Jason Smith,MO,8,Republican,0%,10%,?,?,?,?,?,?,?,?,?,?,?,?,?
Rep. Trent Kelly,MS,1,Republican,0%,10%,?,?,?,?,?,?,?,?,?,?,?,?,?
Rep. Bennie Thompson,MS,2,Democrat,100%,98%,?,?,?,?,?,?,?,?,?,?,?,?,?
Rep. Michael Guest,MS,3,Republican,8%,12%,?,?,?,?,?,?,?,?,?,?,?,?,?
Rep. Steven Palazzo,MS,4,Republican,0%,12%,?,?,?,?,?,?,?,?,?,?,?,?,?
Rep. Matt Rosendale,MT,1,Republican,0%,0%,?,?,?,?,?,?,?,?,?,?,?,?,?
Rep. G. K. Butterfield,NC,1,Democrat,100%,98%,?,?,?,?,?,?,?,?,?,?,?,?,?
Rep. Deborah Ross,NC,2,Democrat,100%,100%,?,?,?,?,?,?,?,?,?,?,?,?,?
Rep. Greg Murphy,NC,3,Republican,8%,16%,?,?,?,?,?,?,?,?,?,?,?,?,?
Rep. David E. Price,NC,4,Democrat,100%,97%,?,?,?,?,?,?,?,?,?,?,?,?,?
Rep. Virginia Foxx,NC,5,Republican,8%,8%,?,?,?,?,?,?,?,?,?,?,?,?,?
Rep. Kathy Manning,NC,6,Democrat,100%,100%,?,?,?,?,?,?,?,?,?,?,?,?,?
Rep. David Rouzer,NC,7,Republican,8%,11%,?,?,?,?,?,?,?,?,?,?,?,?,?
Rep. Richard Hudson,NC,8,Republican,15%,10%,?,?,?,?,?,?,?,?,?,?,?,?,?
Rep. Dan Bishop,NC,9,Republican,0%,5%,?,?,?,?,?,?,?,?,?,?,?,?,?
Rep. Patrick T. McHenry,NC,10,Republican,0%,10%,?,?,?,?,?,?,?,?,?,?,?,?,?
Rep. Madison Cawthorn,NC,11,Republican,8%,3%,?,?,?,?,?,?,?,?,?,?,?,?,?
Rep. Alma Adams,NC,12,Democrat,100%,98%,?,?,?,?,?,?,?,?,?,?,?,?,?
Rep. Ted Budd,NC,13,Republican,8%,8%,?,?,?,?,?,?,?,?,?,?,?,?,?
Rep. Kelly Armstrong,ND,0,Republican,8%,11%,?,?,?,?,?,?,?,?,?,?,?,?,?
Rep. Mike Flood,NE,1,Republican,0%,0%,,,,,?,?,?,?,?,?,?,?,?
Rep. Jeff Fortenberry,NE,1,Republican,33%,21%,?,?,?,,,,,,,,,,
Rep. Don Bacon,NE,2,Republican,38%,29%,?,?,?,?,?,?,?,?,?,?,?,?,?
Rep. Adrian Smith,NE,3,Republican,0%,9%,?,?,?,?,?,?,?,?,?,?,?,?,?
Rep. Chris Pappas,NH,1,Democrat,100%,100%,?,?,?,?,?,?,?,?,?,?,?,?,?
Rep. Ann McLane Kuster,NH,2,Democrat,100%,95%,?,?,?,?,?,?,?,?,?,?,?,?,?
Rep. Donald W. Norcross,NJ,1,Democrat,100%,97%,?,?,?,?,?,?,?,?,?,?,?,?,?
Rep. Jefferson Van Drew,NJ,2,Republican,23%,61%,?,?,?,?,?,?,?,?,?,?,?,?,?
Rep. Andy Kim,NJ,3,Democrat,100%,100%,?,?,?,?,?,?,?,?,?,?,?,?,?
Rep. Christopher H. Smith,NJ,4,Republican,46%,54%,?,?,?,?,?,?,?,?,?,?,?,?,?
Rep. Josh Gottheimer,NJ,5,Democrat,100%,89%,?,?,?,?,?,?,?,?,?,?,?,?,?
Rep. Frank Pallone,NJ,6,Democrat,100%,99%,?,?,?,?,?,?,?,?,?,?,?,?,?
Rep. Tom Malinowski,NJ,7,Democrat,100%,100%,?,?,?,?,?,?,?,?,?,?,?,?,?
Rep. Albio Sires,NJ,8,Democrat,100%,98%,?,?,?,?,?,?,?,?,?,?,?,?,?
Rep. Bill Pascrell Jr.,NJ,9,Democrat,100%,98%,?,?,?,?,?,?,?,?,?,?,?,?,?
Rep. Donald M. Payne Jr.,NJ,10,Democrat,100%,98%,?,?,?,?,?,?,?,?,?,?,?,?,?
Rep. Mikie Sherrill,NJ,11,Democrat,100%,100%,?,?,?,?,?,?,?,?,?,?,?,?,?
Rep. Bonnie Watson Coleman,NJ,12,Democrat,100%,98%,?,?,?,?,?,?,?,?,?,?,?,?,?
Rep. Melanie Stansbury,NM,1,Democrat,100%,100%,?,?,?,?,?,?,?,?,?,?,?,?,?
Rep. Yvette Herrell,NM,2,Republican,8%,3%,?,?,?,?,?,?,?,?,?,?,?,?,?
Rep. Teresa Leger Fernandez,NM,3,Democrat,100%,100%,?,?,?,?,?,?,?,?,?,?,?,?,?
Rep. Dina Titus,NV,1,Democrat,100%,98%,?,?,?,?,?,?,?,?,?,?,?,?,?
Rep. Mark Amodei,NV,2,Republican,8%,18%,?,?,?,?,?,?,?,?,?,?,?,?,?
Rep. Susie Lee,NV,3,Democrat,100%,100%,?,?,?,?,?,?,?,?,?,?,?,?,?
Rep. Steven Horsford,NV,4,Democrat,100%,99%,?,?,?,?,?,?,?,?,?,?,?,?,?
Rep. Lee Zeldin,NY,1,Republican,8%,30%,?,?,?,?,?,?,?,?,?,?,?,?,?
Rep. Andrew Garbarino,NY,2,Republican,23%,24%,?,?,?,?,?,?,?,?,?,?,?,?,?
Rep. Thomas Suozzi,NY,3,Democrat,100%,94%,?,?,?,?,?,?,?,?,?,?,?,?,?
Rep. Kathleen Rice,NY,4,Democrat,92%,94%,?,?,?,?,?,?,?,?,?,?,?,?,?
Rep. Gregory W. Meeks,NY,5,Democrat,100%,94%,?,?,?,?,?,?,?,?,?,?,?,?,?
Rep. Grace Meng,NY,6,Democrat,100%,96%,?,?,?,?,?,?,?,?,?,?,?,?,?
Rep. Nydia M. Velázquez,NY,7,Democrat,100%,99%,?,?,?,?,?,?,?,?,?,?,?,?,?
Rep. Hakeem Jeffries,NY,8,Democrat,100%,99%,?,?,?,?,?,?,?,?,?,?,?,?,?
Rep. Yvette D. Clarke,NY,9,Democrat,100%,98%,?,?,?,?,?,?,?,?,?,?,?,?,?
Rep. Jerrold Nadler,NY,10,Democrat,100%,99%,?,?,?,?,?,?,?,?,?,?,?,?,?
Rep. Nicole Malliotakis,NY,11,Republican,31%,29%,?,?,?,?,?,?,?,?,?,?,?,?,?
Rep. Carolyn B. Maloney,NY,12,Democrat,100%,97%,?,?,?,?,?,?,?,?,?,?,?,?,?
Rep. Adriano Espaillat,NY,13,Democrat,100%,98%,?,?,?,?,?,?,?,?,?,?,?,?,?
Rep. Alexandria Ocasio-Cortez,NY,14,Democrat,92%,88%,?,?,?,?,?,?,?,?,?,?,?,?,?
Rep. Ritchie Torres,NY,15,Democrat,100%,100%,?,?,?,?,?,?,?,?,?,?,?,?,?
Rep. Jamaal Bowman,NY,16,Democrat,100%,97%,?,?,?,?,?,?,?,?,?,?,?,?,?
Rep. Mondaire Jones,NY,17,Democrat,100%,100%,?,?,?,?,?,?,?,?,?,?,?,?,?
Rep. Sean Patrick Maloney,NY,18,Democrat,100%,97%,?,?,?,?,?,?,?,?,?,?,?,?,?
Rep. Antonio Delgado,NY,19,Democrat,100%,100%,?,?,?,?,,,,,,,,,
Rep. Patrick Ryan,NY,19,Democrat,100%,100%,,,,,,,,,?,?,?,?,?
Rep. Paul Tonko,NY,20,Democrat,100%,99%,?,?,?,?,?,?,?,?,?,?,?,?,?
Rep. Elise Stefanik,NY,21,Republican,8%,35%,?,?,?,?,?,?,?,?,?,?,?,?,?
Rep. Claudia Tenney,NY,22,Republican,8%,20%,?,?,?,?,?,?,?,?,?,?,?,?,?
Rep. Tom Reed,NY,23,Republican,67%,32%,?,?,?,,,,,,,,,,
Rep. Joe Sempolinski,NY,23,Republican,0%,0%,,,,,,,,,?,?,?,?,?
Rep. John Katko,NY,24,Republican,77%,53%,?,?,?,?,?,?,?,?,?,?,?,?,?
Rep. Joe Morelle,NY,25,Democrat,100%,100%,?,?,?,?,?,?,?,?,?,?,?,?,?
Rep. Brian Higgins,NY,26,Democrat,100%,98%,?,?,?,?,?,?,?,?,?,?,?,?,?
Rep. Chris Jacobs,NY,27,Republican,31%,24%,?,?,?,?,?,?,?,?,?,?,?,?,?
Rep. Steven J. Chabot,OH,1,Republican,15%,9%,?,?,?,?,?,?,?,?,?,?,?,?,?
Rep. Brad Wenstrup,OH,2,Republican,0%,8%,?,?,?,?,?,?,?,?,?,?,?,?,?
Rep. Joyce Beatty,OH,3,Democrat,100%,97%,?,?,?,?,?,?,?,?,?,?,?,?,?
Rep. Jim Jordan,OH,4,Republican,0%,5%,?,?,?,?,?,?,?,?,?,?,?,?,?
Rep. Robert E. Latta,OH,5,Republican,8%,9%,?,?,?,?,?,?,?,?,?,?,?,?,?
Rep. Bill Johnson,OH,6,Republican,31%,22%,?,?,?,?,?,?,?,?,?,?,?,?,?
Rep. Bob Gibbs,OH,7,Republican,15%,14%,?,?,?,?,?,?,?,?,?,?,?,?,?
Rep. Warren Davidson,OH,8,Republican,8%,7%,?,?,?,?,?,?,?,?,?,?,?,?,?
Rep. Marcy Kaptur,OH,9,Democrat,100%,98%,?,?,?,?,?,?,?,?,?,?,?,?,?
Rep. Michael R. Turner,OH,10,Republican,23%,33%,?,?,?,?,?,?,?,?,?,?,?,?,?
Rep. Shontel Brown,OH,11,Democrat,100%,100%,?,?,?,?,?,?,?,?,?,?,?,?,?
Rep. Troy Balderson,OH,12,Republican,15%,24%,?,?,?,?,?,?,?,?,?,?,?,?,?
Rep. Tim Ryan,OH,13,Democrat,100%,98%,?,?,?,?,?,?,?,?,?,?,?,?,?
Rep. Dave Joyce,OH,14,Republican,31%,39%,?,?,?,?,?,?,?,?,?,?,?,?,?
Rep. Mike Carey,OH,15,Republican,31%,27%,?,?,?,?,?,?,?,?,?,?,?,?,?
Rep. Anthony Gonzalez,OH,16,Republican,33%,32%,?,?,?,?,?,?,?,?,?,?,?,?,?
Rep. Kevin Hern,OK,1,Republican,0%,8%,?,?,?,?,?,?,?,?,?,?,?,?,?
Rep. Markwayne Mullin,OK,2,Republican,0%,15%,?,?,?,?,?,?,?,?,?,?,?,?,?
Rep. Frank D. Lucas,OK,3,Republican,8%,15%,?,?,?,?,?,?,?,?,?,?,?,?,?
Rep. Tom Cole,OK,4,Republican,15%,19%,?,?,?,?,?,?,?,?,?,?,?,?,?
Rep. Stephanie Bice,OK,5,Republican,15%,12%,?,?,?,?,?,?,?,?,?,?,?,?,?
Rep. Suzanne Bonamici,OR,1,Democrat,100%,96%,?,?,?,?,?,?,?,?,?,?,?,?,?
Rep. Cliff Bentz,OR,2,Republican,8%,6%,?,?,?,?,?,?,?,?,?,?,?,?,?
Rep. Earl Blumenauer,OR,3,Democrat,100%,95%,?,?,?,?,?,?,?,?,?,?,?,?,?
Rep. Peter A. DeFazio,OR,4,Democrat,100%,94%,?,?,?,?,?,?,?,?,?,?,?,?,?
Rep. Kurt Schrader,OR,5,Democrat,92%,85%,?,?,?,?,?,?,?,?,?,?,?,?,?
Rep. Brian Fitzpatrick,PA,1,Republican,85%,65%,?,?,?,?,?,?,?,?,?,?,?,?,?
Rep. Brendan Boyle,PA,2,Democrat,100%,97%,?,?,?,?,?,?,?,?,?,?,?,?,?
Rep. Dwight Evans,PA,3,Democrat,100%,99%,?,?,?,?,?,?,?,?,?,?,?,?,?
Rep. Madeleine Dean,PA,4,Democrat,100%,100%,?,?,?,?,?,?,?,?,?,?,?,?,?
Rep. Mary Gay Scanlon,PA,5,Democrat,100%,100%,?,?,?,?,?,?,?,?,?,?,?,?,?
Rep. Chrissy Houlahan,PA,6,Democrat,100%,100%,?,?,?,?,?,?,?,?,?,?,?,?,?
Rep. Susan Wild,PA,7,Democrat,100%,99%,?,?,?,?,?,?,?,?,?,?,?,?,?
Rep. Matt Cartwright,PA,8,Democrat,100%,97%,?,?,?,?,?,?,?,?,?,?,?,?,?
Rep. Daniel Meuser,PA,9,Republican,15%,14%,?,?,?,?,?,?,?,?,?,?,?,?,?
Rep. Scott Perry,PA,10,Republican,0%,8%,?,?,?,?,?,?,?,?,?,?,?,?,?
Rep. Lloyd Smucker,PA,11,Republican,0%,11%,?,?,?,?,?,?,?,?,?,?,?,?,?
Rep. Fred Keller,PA,12,Republican,8%,12%,?,?,?,?,?,?,?,?,?,?,?,?,?
Rep. John Joyce,PA,13,Republican,15%,12%,?,?,?,?,?,?,?,?,?,?,?,?,?
Rep. Guy Reschenthaler,PA,14,Republican,15%,24%,?,?,?,?,?,?,?,?,?,?,?,?,?
Rep. Glenn Thompson,PA,15,Republican,8%,15%,?,?,?,?,?,?,?,?,?,?,?,?,?
Rep. Mike Kelly,PA,16,Republican,8%,21%,?,?,?,?,?,?,?,?,?,?,?,?,?
Rep. Conor Lamb,PA,17,Democrat,100%,94%,?,?,?,?,?,?,?,?,?,?,?,?,?
Rep. Mike Doyle,PA,18,Democrat,100%,98%,?,?,?,?,?,?,?,?,?,?,?,?,?
Rep. David Cicilline,RI,1,Democrat,100%,98%,?,?,?,?,?,?,?,?,?,?,?,?,?
Rep. Jim Langevin,RI,2,Democrat,100%,98%,?,?,?,?,?,?,?,?,?,?,?,?,?
Rep. Nancy Mace,SC,1,Republican,15%,6%,?,?,?,?,?,?,?,?,?,?,?,?,?
Rep. Joe Wilson,SC,2,Republican,8%,11%,?,?,?,?,?,?,?,?,?,?,?,?,?
Rep. Jeffrey Duncan,SC,3,Republican,0%,6%,?,?,?,?,?,?,?,?,?,?,?,?,?
Rep. William Timmons,SC,4,Republican,0%,8%,?,?,?,?,?,?,?,?,?,?,?,?,?
Rep. Ralph Norman,SC,5,Republican,0%,5%,?,?,?,?,?,?,?,?,?,?,?,?,?
Rep. James E. Clyburn,SC,6,Democrat,100%,97%,?,?,?,?,?,?,?,?,?,?,?,?,?
Rep. Tom Rice,SC,7,Republican,8%,11%,?,?,?,?,?,?,?,?,?,?,?,?,?
Rep. Dusty Johnson,SD,0,Republican,8%,12%,?,?,?,?,?,?,?,?,?,?,?,?,?
Rep. Diana Harshbarger,TN,1,Republican,8%,3%,?,?,?,?,?,?,?,?,?,?,?,?,?
Rep. Tim Burchett,TN,2,Republican,8%,14%,?,?,?,?,?,?,?,?,?,?,?,?,?
Rep. Chuck Fleischmann,TN,3,Republican,0%,12%,?,?,?,?,?,?,?,?,?,?,?,?,?
Rep. Scott DesJarlais,TN,4,Republican,8%,9%,?,?,?,?,?,?,?,?,?,?,?,?,?
Rep. Jim Cooper,TN,5,Democrat,100%,84%,?,?,?,?,?,?,?,?,?,?,?,?,?
Rep. John Rose,TN,6,Republican,0%,8%,?,?,?,?,?,?,?,?,?,?,?,?,?
Rep. Mark Green,TN,7,Republican,0%,11%,?,?,?,?,?,?,?,?,?,?,?,?,?
Rep. David Kustoff,TN,8,Republican,0%,13%,?,?,?,?,?,?,?,?,?,?,?,?,?
Rep. Steve Cohen,TN,9,Democrat,100%,98%,?,?,?,?,?,?,?,?,?,?,?,?,?
Rep. Louie Gohmert,TX,1,Republican,0%,9%,?,?,?,?,?,?,?,?,?,?,?,?,?
Rep. Dan Crenshaw,TX,2,Republican,0%,17%,?,?,?,?,?,?,?,?,?,?,?,?,?
Rep. Van Taylor,TX,3,Republican,0%,10%,?,?,?,?,?,?,?,?,?,?,?,?,?
Rep. Pat Fallon,TX,4,Republican,0%,0%,?,?,?,?,?,?,?,?,?,?,?,?,?
Rep. Lance Gooden,TX,5,Republican,0%,11%,?,?,?,?,?,?,?,?,?,?,?,?,?
Rep. Jake Ellzey,TX,6,Republican,8%,6%,?,?,?,?,?,?,?,?,?,?,?,?,?
Rep. Lizzie Fletcher,TX,7,Democrat,100%,100%,?,?,?,?,?,?,?,?,?,?,?,?,?
Rep. Kevin Brady,TX,8,Republican,0%,9%,?,?,?,?,?,?,?,?,?,?,?,?,?
Rep. Al Green,TX,9,Democrat,100%,99%,?,?,?,?,?,?,?,?,?,?,?,?,?
Rep. Michael McCaul,TX,10,Republican,15%,13%,?,?,?,?,?,?,?,?,?,?,?,?,?
Rep. August Pfluger,TX,11,Republican,0%,0%,?,?,?,?,?,?,?,?,?,?,?,?,?
Rep. Kay Granger,TX,12,Republican,15%,13%,?,?,?,?,?,?,?,?,?,?,?,?,?
Rep. Ronny Jackson,TX,13,Republican,0%,0%,?,?,?,?,?,?,?,?,?,?,?,?,?
Rep. Randy Weber,TX,14,Republican,0%,9%,?,?,?,?,?,?,?,?,?,?,?,?,?
Rep. Vicente Gonzalez,TX,15,Democrat,100%,95%,?,?,?,?,?,?,?,?,?,?,?,?,?
Rep. Veronica Escobar,TX,16,Democrat,100%,99%,?,?,?,?,?,?,?,?,?,?,?,?,?
Rep. Pete Sessions,TX,17,Republican,8%,6%,?,?,?,?,?,?,?,?,?,?,?,?,?
Rep. Sheila Jackson Lee,TX,18,Democrat,100%,98%,?,?,?,?,?,?,?,?,?,?,?,?,?
Rep. Jodey Arrington,TX,19,Republican,0%,8%,?,?,?,?,?,?,?,?,?,?,?,?,?
Rep. Joaquín Castro,TX,20,Democrat,100%,97%,?,?,?,?,?,?,?,?,?,?,?,?,?
Rep. Chip Roy,TX,21,Republican,0%,7%,?,?,?,?,?,?,?,?,?,?,?,?,?
Rep. Troy Nehls,TX,22,Republican,0%,0%,?,?,?,?,?,?,?,?,?,?,?,?,?
Rep. Tony Gonzales,TX,23,Republican,8%,12%,?,?,?,?,?,?,?,?,?,?,?,?,?
Rep. Beth Van Duyne,TX,24,Republican,0%,0%,?,?,?,?,?,?,?,?,?,?,?,?,?
Rep. Roger Williams,TX,25,Republican,0%,9%,?,?,?,?,?,?,?,?,?,?,?,?,?
Rep. Michael C. Burgess,TX,26,Republican,8%,9%,?,?,?,?,?,?,?,?,?,?,?,?,?
Rep. Michael Cloud,TX,27,Republican,0%,8%,?,?,?,?,?,?,?,?,?,?,?,?,?
Rep. Henry Cuellar,TX,28,Democrat,92%,73%,?,?,?,?,?,?,?,?,?,?,?,?,?
Rep. Sylvia Garcia,TX,29,Democrat,100%,99%,?,?,?,?,?,?,?,?,?,?,?,?,?
Rep. Eddie Bernice Johnson,TX,30,Democrat,100%,96%,?,?,?,?,?,?,?,?,?,?,?,?,?
Rep. John Carter,TX,31,Republican,8%,11%,?,?,?,?,?,?,?,?,?,?,?,?,?
Rep. Colin Allred,TX,32,Democrat,100%,100%,?,?,?,?,?,?,?,?,?,?,?,?,?
Rep. Marc Veasey,TX,33,Democrat,100%,98%,?,?,?,?,?,?,?,?,?,?,?,?,?
Rep. Mayra Flores,TX,34,Republican,0%,0%,,,,,?,?,?,?,?,?,?,?,?
Rep. Filemon Vela,TX,34,Democrat,100%,93%,?,?,?,,,,,,,,,,
Rep. Lloyd Doggett,TX,35,Democrat,100%,96%,?,?,?,?,?,?,?,?,?,?,?,?,?
Rep. Brian Babin,TX,36,Republican,0%,11%,?,?,?,?,?,?,?,?,?,?,?,?,?
Rep. Blake Moore,UT,1,Republican,8%,6%,?,?,?,?,?,?,?,?,?,?,?,?,?
Rep. Chris Stewart,UT,2,Republican,8%,12%,?,?,?,?,?,?,?,?,?,?,?,?,?
Rep. John Curtis,UT,3,Republican,8%,16%,?,?,?,?,?,?,?,?,?,?,?,?,?
Rep. Burgess Owens,UT,4,Republican,8%,6%,?,?,?,?,?,?,?,?,?,?,?,?,?
Rep. Robert J. Wittman,VA,1,Republican,8%,14%,?,?,?,?,?,?,?,?,?,?,?,?,?
Rep. Elaine Luria,VA,2,Democrat,100%,99%,?,?,?,?,?,?,?,?,?,?,?,?,?
Rep. Robert C. Scott,VA,3,Democrat,100%,98%,?,?,?,?,?,?,?,?,?,?,?,?,?
Rep. A. Donald McEachin,VA,4,Democrat,100%,96%,?,?,?,?,?,?,?,?,?,,,,
Rep. Robert Good,VA,5,Republican,0%,0%,?,?,?,?,?,?,?,?,?,?,?,?,?
Rep. Ben Cline,VA,6,Republican,8%,11%,?,?,?,?,?,?,?,?,?,?,?,?,?
Rep. Abigail Spanberger,VA,7,Democrat,100%,96%,?,?,?,?,?,?,?,?,?,?,?,?,?
Rep. Donald Beyer,VA,8,Democrat,100%,96%,?,?,?,?,?,?,?,?,?,?,?,?,?
Rep. Morgan Griffith,VA,9,Republican,8%,14%,?,?,?,?,?,?,?,?,?,?,?,?,?
Rep. Jennifer Wexton,VA,10,Democrat,100%,100%,?,?,?,?,?,?,?,?,?,?,?,?,?
Rep. Gerald E. Connolly,VA,11,Democrat,100%,93%,?,?,?,?,?,?,?,?,?,?,?,?,?
Rep. Peter Welch,VT,0,Democrat,100%,97%,?,?,?,?,?,?,?,?,?,?,?,?,?
Rep. Suzan K. DelBene,WA,1,Democrat,100%,95%,?,?,?,?,?,?,?,?,?,?,?,?,?
Rep. Rick Larsen,WA,2,Democrat,100%,94%,?,?,?,?,?,?,?,?,?,?,?,?,?
Rep. Jaime Herrera Beutler,WA,3,Republican,31%,21%,?,?,?,?,?,?,?,?,?,?,?,?,?
Rep. Dan Newhouse,WA,4,Republican,8%,25%,?,?,?,?,?,?,?,?,?,?,?,?,?
Rep. Cathy McMorris Rodgers,WA,5,Republican,0%,11%,?,?,?,?,?,?,?,?,?,?,?,?,?
Rep. Derek Kilmer,WA,6,Democrat,100%,95%,?,?,?,?,?,?,?,?,?,?,?,?,?
Rep. Pramila Jayapal,WA,7,Democrat,100%,96%,?,?,?,?,?,?,?,?,?,?,?,?,?
Rep. Kim Schrier,WA,8,Democrat,100%,100%,?,?,?,?,?,?,?,?,?,?,?,?,?
Rep. Adam Smith,WA,9,Democrat,100%,96%,?,?,?,?,?,?,?,?,?,?,?,?,?
Rep. Marilyn Strickland,WA,10,Democrat,100%,100%,?,?,?,?,?,?,?,?,?,?,?,?,?
Rep. Bryan Steil,WI,1,Republican,0%,15%,?,?,?,?,?,?,?,?,?,?,?,?,?
Rep. Mark Pocan,WI,2,Democrat,100%,98%,?,?,?,?,?,?,?,?,?,?,?,?,?
Rep. Ron Kind,WI,3,Democrat,100%,90%,?,?,?,?,?,?,?,?,?,?,?,?,?
Rep. Gwen Moore,WI,4,Democrat,100%,97%,?,?,?,?,?,?,?,?,?,?,?,?,?
Rep. Scott Fitzgerald,WI,5,Republican,8%,3%,?,?,?,?,?,?,?,?,?,?,?,?,?
Rep. Glenn Grothman,WI,6,Republican,8%,10%,?,?,?,?,?,?,?,?,?,?,?,?,?
Rep. Tom Tiffany,WI,7,Republican,8%,8%,?,?,?,?,?,?,?,?,?,?,?,?,?
Rep. Mike Gallagher,WI,8,Republican,9%,11%,?,?,?,?,?,?,?,?,?,?,?,?,?
Rep. David McKinley,WV,1,Republican,56%,42%,?,?,?,?,?,?,?,?,?,?,?,?,?
Rep. Alex Mooney,WV,2,Republican,0%,11%,?,?,?,?,?,?,?,?,?,?,?,?,?
Rep. Carol Miller,WV,3,Republican,0%,18%,?,?,?,?,?,?,?,?,?,?,?,?,?
Rep. Liz Cheney,WY,0,Republican,31%,15%,?,?,?,?,?,?,?,?,?,?,?,?,?
