"congresspeople","community","score1","lifetime_score1","name"
"Richard Blumenthal (D)",1,100,99,"Richard Blumenthal"
"Mike Thompson (D)",1,100,96,"Mike Thompson"
"Tom O'Halleran (D)",1,100,90,"Tom O'Halleran"
"Mark Kelly (D)",1,92,97,"Mark Kelly"
"Scott Peters (D)",1,100,89,"Scott Peters"
"Henry Cuellar (D)",1,92,73,"Henry Cuellar"
"Jamaal Bowman (D)",1,100,97,"Jamaal Bowman"
"Susan Wild (D)",1,100,99,"Susan Wild"
"Ruben Gallego (D)",1,100,98,"Ruben Gallego"
"Jared Golden (D)",1,100,92,"Jared Golden"
"Dina Titus (D)",1,100,98,"Dina Titus"
"Sherrod Brown (D)",1,100,99,"Sherrod Brown"
"Mark Warner (D)",1,100,90,"Mark Warner"
"Tom Suozzi (D)",1,100,94,"Tom Suozzi"
"Joe Manchin (D)",1,82,87,"Joe Manchin"
"Charles E Schumer (D)",1,92,95,"Charles E Schumer"
"Ritchie Torres (D)",1,100,100,"Ritchie Torres"
"Jim Himes (D)",1,100,93,"Jim Himes"
"Tammy Duckworth (D)",1,100,99,"Tammy Duckworth"
"Anna Eshoo (D)",1,100,97,"Anna Eshoo"
"Ron Wyden (D)",1,92,92,"Ron Wyden"
"Lauren A Underwood (D)",1,100,100,"Lauren A Underwood"
"Alexandria Ocasio-Cortez (D)",1,92,88,"Alexandria Ocasio-Cortez"
"Earl Blumenauer (D)",1,100,95,"Earl Blumenauer"
"Adriano Espaillat (D)",1,100,98,"Adriano Espaillat"
"Ann Kuster (D)",1,100,95,"Ann Kuster"
"Martin Heinrich (D)",1,100,99,"Martin Heinrich"
"Robert Menendez (D)",1,100,97,"Robert Menendez"
"Gary Peters (D)",1,100,97,"Gary Peters"
"Amy Klobuchar (D)",1,100,96,"Amy Klobuchar"
"Kyrsten Sinema (D)",1,92,83,"Kyrsten Sinema"
"Bob Casey (D)",1,100,98,"Bob Casey"
"Cori Bush (D)",1,100,97,"Cori Bush"
"Tammy Baldwin (D)",1,100,99,"Tammy Baldwin"
"Tina Smith (D)",1,100,100,"Tina Smith"
"Chris Van Hollen (D)",1,100,97,"Chris Van Hollen"
"Derek Kilmer (D)",1,100,95,"Derek Kilmer"
"Sanford Bishop (D)",1,100,94,"Sanford Bishop"
"Grace Meng (D)",1,100,96,"Grace Meng"
"Gregory Meeks (D)",1,100,94,"Gregory Meeks"
"Brenda Lawrence (D)",1,100,98,"Brenda Lawrence"
"Bernie Sanders (D)",1,91,98,"Bernie Sanders"
"Bernie Sanders (I)",1,91,98,"Bernie Sanders"
"Jon Ossoff (D)",1,100,100,"Jon Ossoff"
"Mazie K Hirono (D)",1,100,100,"Mazie K Hirono"
"Rashida Tlaib (D)",1,100,92,"Rashida Tlaib"
"Joseph Neguse (D)",1,100,99,"Joseph Neguse"
"Ed Perlmutter (D)",1,100,96,"Ed Perlmutter"
"Peter Welch (D)",1,100,97,"Peter Welch"
"Don Beyer (D)",1,100,96,"Don Beyer"
"Danny K Davis (D)",1,100,98,"Danny K Davis"
"James E Clyburn (D)",1,100,97,"James E Clyburn"
"Jesus Garcia (D)",1,100,96,"Jesus Garcia"
"Judy Chu (D)",1,100,98,"Judy Chu"
"Betty McCollum (D)",1,100,97,"Betty McCollum"
"Bobby Scott (D)",1,100,98,"Bobby Scott"
"Josh Gottheimer (D)",1,100,89,"Josh Gottheimer"
"Lisa Blunt Rochester (D)",1,100,98,"Lisa Blunt Rochester"
"Joyce Beatty (D)",1,100,97,"Joyce Beatty"
"Dean Phillips (D)",1,100,100,"Dean Phillips"
"John Hickenlooper (D)",1,100,100,"John Hickenlooper"
"David Scott (D)",1,100,97,"David Scott"
"John Larson (D)",1,100,98,"John Larson"
"Debbie Dingell (D)",1,100,99,"Debbie Dingell"
"Terri Sewell (D)",1,100,94,"Terri Sewell"
"Dwight Evans (D)",1,100,99,"Dwight Evans"
"Jacky Rosen (D)",1,100,92,"Jacky Rosen"
"Shontel Brown (D)",1,100,100,"Shontel Brown"
"Teresa Leger Fernandez (D)",1,100,100,"Teresa Leger Fernandez"
"Marcy Kaptur (D)",1,100,98,"Marcy Kaptur"
"John Yarmuth (D)",1,100,99,"John Yarmuth"
"Jimmy Panetta (D)",1,100,95,"Jimmy Panetta"
"Norma Torres (D)",1,100,98,"Norma Torres"
"David Cicilline (D)",1,100,98,"David Cicilline"
"Jimmy Gomez (D)",1,100,99,"Jimmy Gomez"
"Raul M Grijalva (D)",1,100,99,"Raul M Grijalva"
"Donald McEachin (D)",1,100,96,"Donald McEachin"
"Lori Trahan (D)",1,100,99,"Lori Trahan"
"Kweisi Mfume (D)",1,100,100,"Kweisi Mfume"
"Tony Cardenas (D)",1,100,95,"Tony Cardenas"
"James P McGovern (D)",1,100,98,"James P McGovern"
"Ben Ray Lujan (D)",1,100,98,"Ben Ray Lujan"
"Alma Adams (D)",1,100,98,"Alma Adams"
"Ed Case (D)",1,100,99,"Ed Case"
"Linda Sanchez (D)",1,100,99,"Linda Sanchez"
"Karen Bass (D)",1,100,99,"Karen Bass"
"Brad Sherman (D)",1,100,98,"Brad Sherman"
"Jerry McNerney (D)",1,100,97,"Jerry McNerney"
"Mark Pocan (D)",1,100,98,"Mark Pocan"
"Brian Higgins (D)",1,100,98,"Brian Higgins"
"Patrick Leahy (D)",1,100,98,"Patrick Leahy"
"Suzanne Bonamici (D)",1,100,96,"Suzanne Bonamici"
"Al Green (D)",1,100,99,"Al Green"
"Bill Pascrell Jr. (D)",1,100,98,"Bill Pascrell Jr."
"Bonnie Watson Coleman (D)",1,100,98,"Bonnie Watson Coleman"
"Melanie Stansbury (D)",1,100,100,"Melanie Stansbury"
"Anthony Brown (D)",1,100,97,"Anthony Brown"
"Ron Kind (D)",1,100,90,"Ron Kind"
"Charlie Crist (D)",1,100,96,"Charlie Crist"
"Brendan Boyle (D)",1,100,97,"Brendan Boyle"
"Adam Kinzinger (R)",1,60,36,"Adam Kinzinger"
"Liz Cheney (R)",1,31,15,"Liz Cheney"
"Jackie Walorski (R)",1,14,14,"Jackie Walorski"
"Steny H Hoyer (D)",1,100,97,"Steny H Hoyer"
"Jared Huffman (D)",1,100,96,"Jared Huffman"
"Fred Upton (R)",1,54,33,"Fred Upton"
"Frederica Wilson (D)",1,100,99,"Frederica Wilson"
"Nydia Velazquez (D)",1,100,99,"Nydia Velazquez"
"Frank Mrvan Jr (D)",1,100,100,"Frank Mrvan Jr"
"Juan Vargas (D)",1,100,99,"Juan Vargas"
"Joseph D Morelle (D)",1,100,100,"Joseph D Morelle"
"Jim Cooper (D)",1,100,84,"Jim Cooper"
"Lou Correa (D)",1,100,91,"Lou Correa"
"Adam Smith (D)",1,100,96,"Adam Smith"
"G K Butterfield (D)",1,100,98,"G K Butterfield"
"Jack Reed (D)",1,100,98,"Jack Reed"
"John Sarbanes (D)",1,100,99,"John Sarbanes"
"Gwen Moore (D)",1,100,97,"Gwen Moore"
"Grace Napolitano (D)",1,100,100,"Grace Napolitano"
"Jim Langevin (D)",1,100,98,"Jim Langevin"
"Glenn Thompson (R)",1,8,15,"Glenn Thompson"
"Drew Ferguson (R)",1,0,13,"Drew Ferguson"
"Sheila Cherfilus-McCormick (D)",1,100,100,"Sheila Cherfilus-McCormick"
"Joe Wilson (R)",1,8,11,"Joe Wilson"
"Tom Rice (R)",1,8,11,"Tom Rice"
"Jackie Speier (D)",1,100,96,"Jackie Speier"
"Emanuel Cleaver (D)",1,100,98,"Emanuel Cleaver"
"Alan Lowenthal (D)",1,100,98,"Alan Lowenthal"
"Val Demings (D)",2,100,98,"Val Demings"
"Nancy Pelosi (D)",2,100,97,"Nancy Pelosi"
"Ted Lieu (D)",2,100,97,"Ted Lieu"
"Carolyn Bourdeaux (D)",2,100,100,"Carolyn Bourdeaux"
"Josh Harder (D)",2,100,99,"Josh Harder"
"Patty Murray (D)",2,100,95,"Patty Murray"
"Ami Bera (D)",2,100,91,"Ami Bera"
"Sean Casten (D)",2,100,100,"Sean Casten"
"Catherine Cortez Masto (D)",2,100,100,"Catherine Cortez Masto"
"Carolyn Maloney (D)",2,100,97,"Carolyn Maloney"
"Jason Crow (D)",2,100,100,"Jason Crow"
"Jeff Merkley (D)",2,100,99,"Jeff Merkley"
"Deborah Ross (D)",2,100,100,"Deborah Ross"
"Susie Lee (D)",2,100,100,"Susie Lee"
"Robin Kelly (D)",2,100,99,"Robin Kelly"
"Abigail Spanberger (D)",2,100,96,"Abigail Spanberger"
"Tom Malinowski (D)",2,100,100,"Tom Malinowski"
"Katie Porter (D)",2,100,100,"Katie Porter"
"Raja Krishnamoorthi (D)",2,100,98,"Raja Krishnamoorthi"
"Jeanne Shaheen (D)",2,100,94,"Jeanne Shaheen"
"Nanette Barragan (D)",2,100,98,"Nanette Barragan"
"Katherine Clark (D)",2,100,99,"Katherine Clark"
"Vicente Gonzalez (D)",2,100,95,"Vicente Gonzalez"
"Dick Durbin (D)",2,100,98,"Dick Durbin"
"Angie Craig (D)",2,100,100,"Angie Craig"
"Haley Stevens (D)",2,100,100,"Haley Stevens"
"Elissa Slotkin (D)",2,100,100,"Elissa Slotkin"
"Jake Auchincloss (D)",2,100,100,"Jake Auchincloss"
"Sheldon Whitehouse (D)",2,100,99,"Sheldon Whitehouse"
"Barbara Lee (D)",2,100,99,"Barbara Lee"
"Jon Tester (D)",2,100,93,"Jon Tester"
"Christopher S Murphy (D)",2,100,99,"Christopher S Murphy"
"Kirsten Gillibrand (D)",2,100,96,"Kirsten Gillibrand"
"Yvette Clarke (D)",2,100,98,"Yvette Clarke"
"Stephen Lynch (D)",2,100,99,"Stephen Lynch"
"Frank Pallone Jr. (D)",2,100,99,"Frank Pallone Jr."
"Marc Veasey (D)",2,100,98,"Marc Veasey"
"Ro Khanna (D)",2,100,97,"Ro Khanna"
"Rick Larsen (D)",2,100,94,"Rick Larsen"
"Donald M Payne Jr. (D)",2,100,98,"Donald M Payne Jr."
"Chris Coons (D)",2,100,94,"Chris Coons"
"Veronica Escobar (D)",2,100,99,"Veronica Escobar"
"Pramila Jayapal (D)",2,100,96,"Pramila Jayapal"
"Greg Stanton (D)",2,100,100,"Greg Stanton"
"Nikema Williams (D)",2,100,100,"Nikema Williams"
"Ilhan Omar (D)",2,100,90,"Ilhan Omar"
"Madeleine Dean (D)",2,100,100,"Madeleine Dean"
"Marie Newman (D)",2,100,100,"Marie Newman"
"Bennie G Thompson (D)",2,100,98,"Bennie G Thompson"
"Mark Desaulnier (D)",2,100,98,"Mark Desaulnier"
"Jahana Hayes (D)",2,100,100,"Jahana Hayes"
"Sharice Davids (D)",2,100,99,"Sharice Davids"
"Pete Aguilar (D)",2,100,94,"Pete Aguilar"
"Elizabeth Warren (D)",2,100,99,"Elizabeth Warren"
"Mark Takano (D)",2,100,98,"Mark Takano"
"Julia Brownley (D)",2,100,96,"Julia Brownley"
"Dusty Johnson (R)",2,8,12,"Dusty Johnson"
"Jamie Raskin (D)",2,100,98,"Jamie Raskin"
"Cindy Axne (D)",2,100,99,"Cindy Axne"
"Diana Harshbarger (R)",2,8,3,"Diana Harshbarger"
"Maxine Waters (D)",2,100,99,"Maxine Waters"
"Lucille Roybal-Allard (D)",2,100,98,"Lucille Roybal-Allard"
"David McKinley (R)",2,56,42,"David McKinley"
"Sylvia Garcia (D)",2,100,99,"Sylvia Garcia"
"James Comer (R)",2,8,12,"James Comer"
"Lois Frankel (D)",2,100,99,"Lois Frankel"
"John Hoeven (R)",2,17,18,"John Hoeven"
"Doris Matsui (D)",2,100,97,"Doris Matsui"
"Bruce Westerman (R)",2,8,12,"Bruce Westerman"
"David Schweikert (R)",2,0,7,"David Schweikert"
"Lauren Boebert (R)",2,0,0,"Lauren Boebert"
"French Hill (R)",2,8,14,"French Hill"
"Chrissy Houlahan (D)",2,100,100,"Chrissy Houlahan"
"Steven Horsford (D)",2,100,99,"Steven Horsford"
"Debbie Wasserman Schultz (D)",2,100,97,"Debbie Wasserman Schultz"
"Jerrold Nadler (D)",2,100,99,"Jerrold Nadler"
"Doug Lamborn (R)",2,0,6,"Doug Lamborn"
"Ann Kirkpatrick (D)",2,100,94,"Ann Kirkpatrick"
"Bobby Rush (D)",2,100,97,"Bobby Rush"
"Salud Carbajal (D)",2,100,95,"Salud Carbajal"
"Bill Keating (D)",2,100,97,"Bill Keating"
"Cheri Bustos (D)",2,100,96,"Cheri Bustos"
"Tom McClintock (R)",2,0,7,"Tom McClintock"
"Ben Cardin (D)",2,100,98,"Ben Cardin"
"Antonio Delgado (D)",2,100,100,"Antonio Delgado"
"Kurt Schrader (D)",2,92,85,"Kurt Schrader"
"Chuck Grassley (R)",2,17,18,"Chuck Grassley"
"Vernon Buchanan (R)",2,0,15,"Vernon Buchanan"
"Ed Markey (D)",2,100,99,"Ed Markey"
"Stephanie Murphy (D)",2,92,87,"Stephanie Murphy"
"Young Kim (R)",2,15,18,"Young Kim"
"Mary Gay Scanlon (D)",2,100,100,"Mary Gay Scanlon"
"Andy Levin (D)",2,100,97,"Andy Levin"
"Susan Collins (R)",2,50,49,"Susan Collins"
"Thom Tillis (R)",2,36,21,"Thom Tillis"
"Daniel Webster (R)",2,8,12,"Daniel Webster"
"Trent Kelly (R)",2,0,10,"Trent Kelly"
"Tim Kaine (D)",2,100,93,"Tim Kaine"
"Hal Rogers (R)",2,8,15,"Hal Rogers"
"Andre Carson (D)",2,100,98,"Andre Carson"
"Barry Loudermilk (R)",2,0,9,"Barry Loudermilk"
"Lloyd Smucker (R)",2,0,11,"Lloyd Smucker"
"Todd Young (R)",2,42,14,"Todd Young"
"Chris Smith (R)",2,46,54,"Chris Smith"
"Yvette Herrell (R)",2,8,3,"Yvette Herrell"
"Diana DeGette (D)",2,100,97,"Diana DeGette"
"Jan Schakowsky (D)",2,100,99,"Jan Schakowsky"
"Peter DeFazio (D)",2,100,94,"Peter DeFazio"
"Mark Green (R)",2,0,11,"Mark Green"
"Marjorie Taylor Greene (R)",2,0,0,"Marjorie Taylor Greene"
"David Trone (D)",2,100,100,"David Trone"
"John Garamendi (D)",2,100,98,"John Garamendi"
"Lloyd Doggett (D)",2,100,96,"Lloyd Doggett"
"Kathleen Rice (D)",2,92,94,"Kathleen Rice"
"Paul Tonko (D)",2,100,99,"Paul Tonko"
"Patrick McHenry (R)",2,0,10,"Patrick McHenry"
"Cliff Bentz (R)",2,8,6,"Cliff Bentz"
"Albio Sires (D)",2,100,98,"Albio Sires"
"Fred Keller (R)",2,8,12,"Fred Keller"
"Tom Reed (R)",2,67,32,"Tom Reed"
"John Thune (R)",2,25,15,"John Thune"
"Mike Crapo (R)",2,8,12,"Mike Crapo"
"Troy Carter (D)",2,100,100,"Troy Carter"
"Bob Gibbs (R)",2,15,14,"Bob Gibbs"
"Cynthia Lummis (R)",2,25,9,"Cynthia Lummis"
"Mike Doyle (D)",2,100,98,"Mike Doyle"
"Dan Newhouse (R)",2,8,25,"Dan Newhouse"
"John Katko (R)",2,77,53,"John Katko"
"Lisa McClain (R)",2,15,6,"Lisa McClain"
"Doug LaMalfa (R)",2,8,14,"Doug LaMalfa"
"Chellie Pingree (D)",2,100,99,"Chellie Pingree"
"Don Bacon (R)",2,38,29,"Don Bacon"
"David Price (D)",2,100,97,"David Price"
"Deb Fischer (R)",2,17,17,"Deb Fischer"
"Mike Rounds (R)",2,25,20,"Mike Rounds"
"Brad Wenstrup (R)",2,0,8,"Brad Wenstrup"
"David P Joyce (R)",2,31,39,"David P Joyce"
"Lisa Murkowski (R)",2,45,39,"Lisa Murkowski"
"Kai Kahele (D)",2,100,100,"Kai Kahele"
"Mary Peltola (D)",2,100,100,"Mary Peltola"
"Michael Guest (R)",2,8,12,"Michael Guest"
"Steve Chabot (R)",2,15,9,"Steve Chabot"
"Filemon Vela (D)",2,100,93,"Filemon Vela"
"William Timmons (R)",2,0,8,"William Timmons"
"Shelley Moore Capito (R)",2,42,30,"Shelley Moore Capito"
"Mike Carey (R)",2,31,27,"Mike Carey"
"Blake Moore (R)",2,8,6,"Blake Moore"
"Matt Gaetz (R)",2,8,14,"Matt Gaetz"
"Al Lawson (D)",2,100,97,"Al Lawson"
"Antonio Delgado (R)",2,100,100,"Antonio Delgado"
"Zoe Lofgren (D)",3,100,97,"Zoe Lofgren"
"Maggie Hassan (D)",3,100,99,"Maggie Hassan"
"Conor Lamb (D)",3,100,94,"Conor Lamb"
"Debbie Stabenow (D)",3,100,97,"Debbie Stabenow"
"Kim Schrier (D)",3,100,100,"Kim Schrier"
"Alex Padilla (D)",3,100,100,"Alex Padilla"
"Tim Ryan (D)",3,100,98,"Tim Ryan"
"Tim Scott (R)",3,8,6,"Tim Scott"
"Julia Letlow (R)",3,8,4,"Julia Letlow"
"Elaine Luria (D)",3,100,99,"Elaine Luria"
"Michael Bennet (D)",3,100,93,"Michael Bennet"
"Colin Allred (D)",3,100,100,"Colin Allred"
"Kathy Manning (D)",3,100,100,"Kathy Manning"
"Marilyn Strickland (D)",3,100,100,"Marilyn Strickland"
"Pat Ryan (D)",3,100,100,"Pat Ryan"
"Tom Carper (D)",3,100,89,"Tom Carper"
"Darren Soto (D)",3,100,99,"Darren Soto"
"Cory Booker (D)",3,100,99,"Cory Booker"
"Maria Cantwell (D)",3,100,94,"Maria Cantwell"
"Andy Kim (D)",3,100,100,"Andy Kim"
"Adam Schiff (D)",3,100,97,"Adam Schiff"
"Mondaire Jones (D)",3,100,100,"Mondaire Jones"
"Suzan DelBene (D)",3,100,95,"Suzan DelBene"
"Marco Rubio (R)",3,18,11,"Marco Rubio"
"Michael McCaul (R)",3,15,13,"Michael McCaul"
"Morgan Griffith (R)",3,8,14,"Morgan Griffith"
"Mike Quigley (D)",3,100,95,"Mike Quigley"
"Josh Hawley (R)",3,17,12,"Josh Hawley"
"Kelly Armstrong (R)",3,8,11,"Kelly Armstrong"
"Tommy Tuberville (R)",3,0,6,"Tommy Tuberville"
"Jerry Carl (R)",3,0,0,"Jerry Carl"
"Robert B Aderholt (R)",3,8,14,"Robert B Aderholt"
"Don Young (R)",3,100,45,"Don Young"
"Mike Levin (D)",3,100,100,"Mike Levin"
"Nicole Malliotakis (R)",3,31,29,"Nicole Malliotakis"
"Gary Palmer (R)",3,0,7,"Gary Palmer"
"Dan Meuser (R)",3,15,14,"Dan Meuser"
"Jodey Arrington (R)",3,0,8,"Jodey Arrington"
"Debbie Lesko (R)",3,0,15,"Debbie Lesko"
"Sheila Jackson Lee (D)",3,100,98,"Sheila Jackson Lee"
"Pete Sessions (R)",3,8,6,"Pete Sessions"
"Mike Lee (R)",3,9,8,"Mike Lee"
"Alex Mooney (R)",3,0,11,"Alex Mooney"
"John Boozman (R)",3,17,14,"John Boozman"
"Jim Costa (D)",3,100,85,"Jim Costa"
"Michelle Steel (R)",3,0,3,"Michelle Steel"
"Glenn S Grothman (R)",3,8,10,"Glenn S Grothman"
"Raul Ruiz (D)",3,100,95,"Raul Ruiz"
"Joni Ernst (R)",3,25,18,"Joni Ernst"
"Brad Schneider (D)",3,100,94,"Brad Schneider"
"Darrell Issa (R)",3,0,10,"Darrell Issa"
"Frank D Lucas (R)",3,8,15,"Frank D Lucas"
"Andrew Clyde (R)",3,8,3,"Andrew Clyde"
"Brian Schatz (D)",3,100,99,"Brian Schatz"
"Ken Calvert (R)",3,8,15,"Ken Calvert"
"Sara Jacobs (D)",3,100,100,"Sara Jacobs"
"Joe Courtney (D)",3,100,99,"Joe Courtney"
"Matt Cartwright (D)",3,100,97,"Matt Cartwright"
"Chris Pappas (D)",3,100,100,"Chris Pappas"
"Jim Hagedorn (R)",3,100,23,"Jim Hagedorn"
"Cathy McMorris Rodgers (R)",3,0,11,"Cathy McMorris Rodgers"
"Brian Fitzpatrick (R)",3,85,65,"Brian Fitzpatrick"
"Ron Johnson (R)",3,9,10,"Ron Johnson"
"Virginia Foxx (R)",3,8,8,"Virginia Foxx"
"Ted Deutch (D)",3,100,97,"Ted Deutch"
"Dan Crenshaw (R)",3,0,17,"Dan Crenshaw"
"Mitch McConnell (R)",3,33,17,"Mitch McConnell"
"Gerry Connolly (D)",3,100,93,"Gerry Connolly"
"Andy Harris (R)",3,0,7,"Andy Harris"
"Bill Cassidy (R)",3,27,13,"Bill Cassidy"
"Greg Steube (R)",3,0,8,"Greg Steube"
"Greg Murphy (R)",3,8,16,"Greg Murphy"
"John Joyce (R)",3,15,12,"John Joyce"
"Kat Cammack (R)",3,0,0,"Kat Cammack"
"Hank Johnson (D)",3,100,98,"Hank Johnson"
"Buddy Carter (R)",3,0,11,"Buddy Carter"
"Randy Feenstra (R)",3,8,6,"Randy Feenstra"
"Rob Wittman (R)",3,8,14,"Rob Wittman"
"Mike Braun (R)",3,8,14,"Mike Braun"
"John Moolenaar (R)",3,0,17,"John Moolenaar"
"Mark Amodei (R)",3,8,18,"Mark Amodei"
"Jim Banks (R)",3,0,9,"Jim Banks"
"Ron Estes (R)",3,0,12,"Ron Estes"
"Thomas Massie (R)",3,8,15,"Thomas Massie"
"Garret Graves (R)",3,8,15,"Garret Graves"
"Chris Jacobs (R)",3,31,24,"Chris Jacobs"
"John Kennedy (R)",3,27,15,"John Kennedy"
"Tim Walberg (R)",3,8,13,"Tim Walberg"
"Andrew Garbarino (R)",3,23,24,"Andrew Garbarino"
"Tom Emmer (R)",3,15,21,"Tom Emmer"
"Steve Scalise (R)",3,8,9,"Steve Scalise"
"Mary Miller (R)",3,0,0,"Mary Miller"
"Scott Perry (R)",3,0,8,"Scott Perry"
"Madison Cawthorn (R)",3,8,3,"Madison Cawthorn"
"Dan Bishop (R)",3,0,5,"Dan Bishop"
"Bob Good (R)",3,0,0,"Bob Good"
"Warren Davidson (R)",3,8,7,"Warren Davidson"
"Paul Gosar (R)",3,0,7,"Paul Gosar"
"Lindsey Graham (R)",3,45,24,"Lindsey Graham"
"Connie Conway (R)",3,0,0,"Connie Conway"
"Bill Hagerty (R)",3,18,11,"Bill Hagerty"
"Joaquin Castro (D)",3,100,97,"Joaquin Castro"
"Larry Bucshon (R)",3,8,19,"Larry Bucshon"
"Ken Buck (R)",3,0,7,"Ken Buck"
"Dutch Ruppersberger (D)",3,100,97,"Dutch Ruppersberger"
"John A Barrasso (R)",3,18,12,"John A Barrasso"
"Mitt Romney (R)",3,42,34,"Mitt Romney"
"Kevin Cramer (R)",3,18,21,"Kevin Cramer"
"Steve Womack (R)",3,15,14,"Steve Womack"
"Van Taylor (R)",3,0,10,"Van Taylor"
"Michelle Fischbach (R)",3,8,6,"Michelle Fischbach"
"Mike D Rogers (R)",3,8,14,"Mike D Rogers"
"Brad Finstad (R)",3,0,0,"Brad Finstad"
"Nancy Mace (R)",3,15,6,"Nancy Mace"
"David Kustoff (R)",3,0,13,"David Kustoff"
"Jake Ellzey (R)",3,8,6,"Jake Ellzey"
"Jaime Herrera Beutler (R)",3,31,21,"Jaime Herrera Beutler"
"Austin Scott (R)",3,0,13,"Austin Scott"
"David Rouzer (R)",3,8,11,"David Rouzer"
"Roger Williams (R)",3,0,9,"Roger Williams"
"Lee Zeldin (R)",3,8,30,"Lee Zeldin"
"Michael Burgess (R)",3,8,9,"Michael Burgess"
"Tom Cole (R)",3,15,19,"Tom Cole"
"Markwayne Mullin (R)",3,0,15,"Markwayne Mullin"
"Andy Barr (R)",3,8,10,"Andy Barr"
"Tracey Mann (R)",3,0,0,"Tracey Mann"
"Tom Cotton (R)",3,17,11,"Tom Cotton"
"Bill Huizenga (R)",3,0,9,"Bill Huizenga"
"Bryan Steil (R)",3,0,15,"Bryan Steil"
"Kay Granger (R)",3,15,13,"Kay Granger"
"Ted Cruz (R)",3,17,10,"Ted Cruz"
"Jay Obernolte (R)",3,15,9,"Jay Obernolte"
"Steve Cohen (D)",3,100,98,"Steve Cohen"
"John Rose (R)",3,0,8,"John Rose"
"Mike Gallagher (R)",3,9,11,"Mike Gallagher"
"Angus King (I)",3,100,98,"Angus King"
"Roy Blunt (R)",3,36,18,"Roy Blunt"
"Michael R Turner (R)",3,23,33,"Michael R Turner"
"James E Risch (R)",3,8,10,"James E Risch"
"August Pfluger (R)",3,0,0,"August Pfluger"
"David Valadao (R)",3,23,29,"David Valadao"
"Chris Stewart (R)",3,8,12,"Chris Stewart"
"Neal Dunn (R)",3,8,15,"Neal Dunn"
"Darin LaHood (R)",3,0,18,"Darin LaHood"
"John Bergman (R)",3,23,18,"John Bergman"
"Steven Palazzo (R)",3,0,12,"Steven Palazzo"
"Jeff Fortenberry (R)",3,33,21,"Jeff Fortenberry"
"Louie Gohmert (R)",3,0,9,"Louie Gohmert"
"Ronny Jackson (R)",3,0,0,"Ronny Jackson"
"Rodney Davis (R)",3,31,38,"Rodney Davis"
"Kevin Hern (R)",3,0,8,"Kevin Hern"
"James M Inhofe (R)",3,18,12,"James M Inhofe"
"Mike Simpson (R)",3,8,21,"Mike Simpson"
"Jason Smith (R)",3,0,10,"Jason Smith"
"Ben Sasse (R)",3,18,10,"Ben Sasse"
"Billy Long (R)",3,0,11,"Billy Long"
"Anthony Gonzalez (R)",3,33,32,"Anthony Gonzalez"
"Dianne Feinstein (D)",3,100,94,"Dianne Feinstein"
"Jody Hice (R)",3,0,6,"Jody Hice"
"Mikie Sherrill (D)",4,100,100,"Mikie Sherrill"
"Raphael Warnock (D)",4,100,100,"Raphael Warnock"
"Lucy McBath (D)",4,100,99,"Lucy McBath"
"Rosa DeLauro (D)",4,100,99,"Rosa DeLauro"
"Eric Swalwell (D)",4,100,98,"Eric Swalwell"
"Seth Moulton (D)",4,100,97,"Seth Moulton"
"Ayanna Pressley (D)",4,100,91,"Ayanna Pressley"
"Lizzie Fletcher (D)",4,100,100,"Lizzie Fletcher"
"Hakeem Jeffries (D)",4,100,99,"Hakeem Jeffries"
"Sean Patrick Maloney (D)",4,100,97,"Sean Patrick Maloney"
"Stephanie Bice (R)",4,15,12,"Stephanie Bice"
"Maria Salazar (R)",4,31,27,"Maria Salazar"
"Beth Van Duyne (R)",4,0,0,"Beth Van Duyne"
"Brian Babin (R)",4,0,11,"Brian Babin"
"Mario Diaz-Balart (R)",4,15,38,"Mario Diaz-Balart"
"Vicky Hartzler (R)",4,8,14,"Vicky Hartzler"
"Andy Biggs (R)",4,0,13,"Andy Biggs"
"Ann Wagner (R)",4,8,15,"Ann Wagner"
"Rick Crawford (R)",4,0,13,"Rick Crawford"
"Ted Budd (R)",4,8,8,"Ted Budd"
"Mo Brooks (R)",4,0,9,"Mo Brooks"
"Rand Paul (R)",4,0,10,"Rand Paul"
"Chip Roy (R)",4,0,7,"Chip Roy"
"Carol Miller (R)",4,0,18,"Carol Miller"
"Ashley Hinson (R)",4,8,9,"Ashley Hinson"
"Michael Waltz (R)",4,8,18,"Michael Waltz"
"Russ Fulcher (R)",4,0,8,"Russ Fulcher"
"Claudia Tenney (R)",4,8,20,"Claudia Tenney"
"Jennifer Wexton (D)",4,100,100,"Jennifer Wexton"
"Bill Foster (D)",4,100,95,"Bill Foster"
"Dan Kildee (D)",4,100,98,"Dan Kildee"
"Kathy Castor (D)",4,100,97,"Kathy Castor"
"Barry Moore (R)",4,0,0,"Barry Moore"
"Bill Posey (R)",4,8,12,"Bill Posey"
"Burgess Owens (R)",4,8,6,"Burgess Owens"
"Clay Higgins (R)",4,0,9,"Clay Higgins"
"Scott Franklin (R)",4,0,0,"Scott Franklin"
"Byron Donalds (R)",4,0,0,"Byron Donalds"
"Cindy Hyde-Smith (R)",4,10,18,"Cindy Hyde-Smith"
"Roger Wicker (R)",4,33,18,"Roger Wicker"
"Gus Bilirakis (R)",4,15,12,"Gus Bilirakis"
"Carlos Gimenez (R)",4,8,21,"Carlos Gimenez"
"Matt Rosendale (R)",4,0,0,"Matt Rosendale"
"Ben Cline (R)",4,8,11,"Ben Cline"
"Richard Burr (R)",4,44,17,"Richard Burr"
"Mike Bost (R)",4,25,37,"Mike Bost"
"Peter Meijer (R)",4,31,21,"Peter Meijer"
"Victoria Spartz (R)",4,8,6,"Victoria Spartz"
"Greg Pence (R)",4,8,17,"Greg Pence"
"Jim Jordan (R)",4,0,5,"Jim Jordan"
"Michael Cloud (R)",4,0,8,"Michael Cloud"
"Ralph Norman (R)",4,0,5,"Ralph Norman"
"Scott Desjarlais (R)",4,8,9,"Scott Desjarlais"
"Jeff Duncan (R)",4,0,6,"Jeff Duncan"
"Mike Garcia (R)",4,23,17,"Mike Garcia"
"Mariannette Miller-Meeks (R)",4,8,9,"Mariannette Miller-Meeks"
"Jeff Van Drew (R)",4,23,61,"Jeff Van Drew"
"Sam Graves (R)",4,8,18,"Sam Graves"
"Rick Scott (R)",4,0,9,"Rick Scott"
"John Rutherford (R)",4,9,20,"John Rutherford"
"Chuck Fleischmann (R)",4,0,12,"Chuck Fleischmann"
"Richard W Allen (R)",4,0,9,"Richard W Allen"
"Mike Johnson (R)",4,0,10,"Mike Johnson"
"Pete Stauber (R)",4,15,37,"Pete Stauber"
"Jerry Moran (R)",4,36,17,"Jerry Moran"
"Brian Mast (R)",4,15,23,"Brian Mast"
"John Cornyn (R)",4,25,15,"John Cornyn"
"Elise Stefanik (R)",4,8,35,"Elise Stefanik"
"John Carter (R)",4,8,11,"John Carter"
"Mike Kelly (R)",4,8,21,"Mike Kelly"
"Randy Weber (R)",4,0,9,"Randy Weber"
"Lance Gooden (R)",4,0,11,"Lance Gooden"
"Brett Guthrie (R)",4,8,12,"Brett Guthrie"
"Troy Balderson (R)",4,15,24,"Troy Balderson"
"Kevin Brady (R)",4,0,9,"Kevin Brady"
"Richard Hudson (R)",4,15,10,"Richard Hudson"
"Adrian Smith (R)",4,0,9,"Adrian Smith"
"Tom Tiffany (R)",4,8,8,"Tom Tiffany"
"Bill Johnson (R)",4,31,22,"Bill Johnson"
"Bob Latta (R)",4,8,9,"Bob Latta"
"James Lankford (R)",4,8,10,"James Lankford"
"Jim Baird (R)",4,8,15,"Jim Baird"
"Roger Marshall (R)",4,17,15,"Roger Marshall"
"Jake Laturner (R)",4,8,3,"Jake Laturner"
"Marsha Blackburn (R)",4,8,6,"Marsha Blackburn"
"Scott Fitzgerald (R)",4,8,3,"Scott Fitzgerald"
"Guy Reschenthaler (R)",4,15,24,"Guy Reschenthaler"
"Patrick Fallon (R)",4,0,0,"Patrick Fallon"
"Tim Burchett (R)",4,8,14,"Tim Burchett"
"Kevin McCarthy (R)",4,8,12,"Kevin McCarthy"
"Blaine Luetkemeyer (R)",4,8,11,"Blaine Luetkemeyer"
"John Curtis (R)",4,8,16,"John Curtis"
"Trey Hollingsworth (R)",4,8,14,"Trey Hollingsworth"
"Mayra Flores (R)",4,0,0,"Mayra Flores"
"Troy Nehls (R)",4,0,0,"Troy Nehls"
"Tony Gonzales (R)",4,8,12,"Tony Gonzales"
"Dan Sullivan (R)",4,27,21,"Dan Sullivan"
"Mike Flood (R)",4,0,0,"Mike Flood"
"Rob Portman (R)",4,45,25,"Rob Portman"
"Rudy Yakym (R)",4,0,0,"Rudy Yakym"
"Joe Sempolinski (R)",4,0,0,"Joe Sempolinski"
"Steven Daines (R)",4,25,17,"Steven Daines"
NA,NA,NA,NA,NA
NA,NA,NA,NA,NA
NA,NA,NA,NA,NA
